Month,Predicted Sales
13,3081.8661971830984
14,3242.957746478873
15,3404.049295774648
16,3565.1408450704225
